date,sentiment140,textblob2,vader,n,retweet,favorite,followers,friends,user_favorite
2020-12-01,0.6114081996434938,0.4866310160427807,0.4919786096256685,561,2.042747049851489,8.839206871638437,95593.95227582884,2105.325319097696,27320.578389660437
2020-12-02,0.5607734806629834,0.5736648250460405,0.4953959484346225,1086,2.3680113763939823,13.598158820447573,90741.87238979118,2165.9703614998875,26888.385936681385
2020-12-03,0.5891003460207612,0.5060553633217993,0.4939446366782007,1156,1.630398027474463,8.302641775272983,66875.13881648467,2302.0922860162027,28897.03092638253
2020-12-04,0.5024630541871922,0.520935960591133,0.4322660098522167,812,1.5922354519537143,6.487296662753647,83360.32609424787,2316.1843870534967,29801.532911286264
2020-12-05,0.5011547344110855,0.5427251732101617,0.441108545034642,433,1.445749562937063,6.736888111888112,73832.94269012238,2494.45940777972,34213.715581293705
2020-12-06,0.5184331797235023,0.4769585253456221,0.4677419354838709,434,2.359126014273145,11.173819532701144,66559.11144784436,2393.500782090136,33562.18838596148
2020-12-07,0.46875,0.4855769230769231,0.4350961538461538,832,3.5407271053842613,11.885411872986657,56933.01362880102,2208.067683811817,31690.03978901908
2020-12-08,0.5767410412440839,0.5490196078431373,0.4442190669371196,1479,1.9611260053619304,9.400102132005618,73810.2554895953,2241.788076088344,29258.23254181029
2020-12-09,0.5242290748898678,0.5224669603524229,0.4634361233480176,1135,2.9885341395074474,11.492773927149388,82551.10396696652,2189.215196873617,29465.32045421029
2020-12-10,0.5864197530864198,0.5054012345679012,0.4552469135802469,1296,1.82088666295678,8.020255982192543,79583.0652198108,2239.677425338527,27540.867260248564
2020-12-11,0.5135135135135135,0.4928876244665718,0.4779516358463727,1406,1.9656975261412903,8.386083482104905,80704.965399983,2331.939301198674,26761.884128198588
2020-12-12,0.5501691093573844,0.47576099210823,0.4667418263810597,887,2.168728643808177,8.857546836337928,74395.97549192884,2134.6954754330154,29966.490220336986
2020-12-13,0.5370036101083032,0.4819494584837545,0.3889891696750902,1108,2.3940971195362866,12.716981132075473,72254.61992074289,2249.70609806589,30119.977997279235
2020-12-14,0.5792035398230089,0.5805309734513274,0.4199115044247787,2260,2.035475792988314,13.098952800121417,84011.66334041585,2269.4653589315526,26454.81063135529
2020-12-15,0.571764705882353,0.5729411764705883,0.4641176470588235,1700,3.9912937841668352,20.159303502733348,87271.18007693865,2168.813363028953,26304.6826888034
2020-12-16,0.5689415041782729,0.5793871866295265,0.4380222841225626,1436,2.146384683539428,9.86991024307562,80965.67321545514,2266.027350822451,29320.486074193923
2020-12-17,0.576499388004896,0.5813953488372093,0.4412484700122399,1634,2.0689014477045755,10.706704343113726,75192.3281721762,2252.016180227607,27716.07834636525
2020-12-18,0.5366949575636545,0.5192211682476285,0.4233649525711432,2003,4.568478786901113,21.62655266978545,84850.8440877561,2355.2405629940317,29340.52851266333
2020-12-19,0.5099894847528917,0.5120925341745531,0.4426919032597266,951,2.398386779460948,9.56502065709227,67006.29957702145,2608.7814774739327,32765.26760771198
2020-12-20,0.5542521994134897,0.570869990224829,0.407624633431085,1023,3.7630359212050974,23.577814421962746,74845.35551296906,2326.4982173099206,32509.414921115964
2020-12-21,0.5632594710507506,0.5496783416726233,0.4102930664760543,1399,3.6423898531375167,12.843724966622164,85993.18060747664,2214.3989319092125,29239.26468624833
2020-12-22,0.5799163179916318,0.5615062761506276,0.4334728033472803,1195,2.7414505557138784,11.855443146195498,95300.1742661727,2323.3823382730125,28317.004595326303
2020-12-23,0.5363636363636364,0.6034090909090909,0.4784090909090909,880,2.0690529391543486,9.675017188037126,97013.4072275696,2207.384668270884,27018.442892746647
2020-12-24,0.5635964912280702,0.5592105263157895,0.4649122807017544,456,2.8063180960496683,10.78604905958975,93559.09714529186,2264.381094406233,26477.036094710573
2020-12-25,0.481981981981982,0.5225225225225225,0.3378378378378378,222,1.698981077147016,7.872974284327996,116960.6459970888,2279.8727802037847,25640.985055798155
2020-12-26,0.4714714714714714,0.5495495495495496,0.3873873873873873,333,3.2773691351853174,15.80447047061344,96506.88409626509,2425.8873098621725,30395.05891594658
2020-12-27,0.5415617128463476,0.5617128463476071,0.3727959697732997,397,2.675982946470867,11.790738986262436,64822.56513500711,2232.2032804358123,31823.19960918996
2020-12-28,0.509829619921363,0.5963302752293578,0.4154652686762778,763,3.676840469125336,14.583957420752672,86814.71419151241,2756.062267439122,28306.643916913945
2020-12-29,0.558,0.571,0.384,1000,2.3915722596448257,9.926821800367422,73715.75463104715,2280.53616809553,30005.556720759338
2020-12-30,0.5232744783306581,0.5473515248796148,0.4502407704654895,1246,2.757213561832935,9.248577488973435,68562.30399649843,2307.8305780950136,29697.917073499208
2020-12-31,0.4654970760233918,0.5883040935672514,0.335672514619883,855,2.24021378730143,10.352749047359826,67957.64730044044,2436.333300341466,29783.07398426288
2021-01-01,0.4836488812392427,0.5679862306368331,0.3562822719449225,581,3.089341596612873,13.331717494017305,72341.9221329079,2353.8609560041727,33212.59231760447
2021-01-02,0.4835589941972921,0.6170212765957447,0.3926499032882011,517,2.9611007895959127,12.230550394797955,82516.55608453321,2320.717661402694,30708.16256386437
2021-01-03,0.4637002341920375,0.6463700234192038,0.4590163934426229,427,2.838304193806422,9.673694434921725,79514.85595931894,2229.612444292081,28731.15386812936
2021-01-04,0.5096952908587258,0.5983379501385041,0.3905817174515235,1083,2.697400666907717,9.495841870555624,69285.52436623679,2109.737415129967,24770.728737294605
2021-01-05,0.4701815038893691,0.5808124459809854,0.3898012100259291,1157,2.408695652173913,10.280544980965738,90431.336726107,2087.20480865558,25283.873492286115
2021-01-06,0.5148063781321185,0.6059225512528473,0.417995444191344,878,2.0421657415522447,7.063151231862888,75362.57084428864,1813.0063784204888,21567.38762294284
2021-01-07,0.4933155080213903,0.6136363636363636,0.3770053475935829,748,2.2526466989413203,8.295738681704528,75510.58605096558,1972.3423418630632,23565.232590306965
2021-01-08,0.5482661668228679,0.6026241799437676,0.3889409559512652,1067,2.740329680621897,11.588367518966002,87596.34869345321,2156.9746651681185,23888.00421466704
2021-01-09,0.5300429184549357,0.6072961373390557,0.4785407725321888,466,2.100074128984433,9.520014825796888,86812.49421793921,2193.8371386212007,25446.56338028169
2021-01-10,0.4510250569476082,0.6013667425968109,0.4214123006833713,439,2.2015181896304785,7.656903466055572,87527.98574906903,2364.0665998281293,26381.22844457176
2021-01-11,0.5269784172661871,0.6267985611510791,0.401978417266187,1112,2.6828066368280665,9.393281793932818,98402.71101767712,1977.0335458203356,23033.876486278765
2021-01-12,0.4929577464788732,0.6144366197183099,0.4005281690140845,1136,2.924761786907561,11.72441529513674,82615.37759353215,2154.20389390752,24759.639359815203
2021-01-13,0.5134633240482822,0.6230269266480966,0.4243268337975859,1077,2.527735543675511,8.756486340673893,76084.31168767472,1972.166854676541,22607.374613762324
2021-01-14,0.515052888527258,0.6200162733930025,0.4100895036615134,1229,2.2771078617546525,8.549800607671857,81375.90714014432,2067.894559437904,23038.961260919103
2021-01-15,0.517945109078114,0.613652357494722,0.3750879662209711,1421,2.47213828652684,9.091361535726982,85413.47000533239,2238.8812655527904,25969.7095627444
2021-01-16,0.4433285509325681,0.6140602582496413,0.3845050215208034,697,3.035376932795861,12.408940496961677,96722.43751880153,2074.74315624812,26392.7974851092
2021-01-17,0.4615384615384615,0.6370808678500987,0.4595660749506903,507,2.3311109500688456,7.655989564461193,69202.11239944924,2232.7193999565184,26941.474817015725
2021-01-18,0.4901477832512315,0.6194581280788177,0.3891625615763547,812,2.0182553563620464,7.595212068211631,85265.28651071273,2235.7955837341497,24141.071818976827
2021-01-19,0.4953095684803001,0.6181988742964353,0.3939962476547842,1066,3.235711933769227,10.200103485582575,87996.57053483231,2113.037819276541,23077.74194458817
2021-01-20,0.5217391304347826,0.627497062279671,0.4582843713278496,851,2.681878805450855,10.516323572049869,79283.49481008988,1934.568164685416,21618.522064366483
2021-01-21,0.5340823970037453,0.6067415730337079,0.4284644194756554,1335,3.933250155957579,15.44568220301221,81913.94946974423,2064.239372604937,25404.95954014794
2021-01-22,0.5217021276595745,0.6136170212765958,0.4170212765957446,1175,2.9870287602020986,12.194714341235912,84463.1541974349,2256.262388262728,25824.528760202094
2021-01-23,0.5175879396984925,0.6348408710217756,0.4154103852596315,597,2.2100317811247754,8.692621251899958,93204.3072405693,2308.615448390217,27192.999240016583
2021-01-24,0.4926931106471816,0.6096033402922756,0.4154488517745303,479,3.5298462767019365,15.06361881945831,105379.84594396752,2264.5946629400414,28608.476475677115
2021-01-25,0.4963235294117647,0.6066176470588235,0.4172794117647059,1088,2.472747553617604,8.594585002281601,81405.7962277544,2107.1348679207017,24997.0873599351
2021-01-26,0.5184549356223176,0.5888412017167381,0.4017167381974248,1165,3.0218225300184347,10.463454735688307,76785.00687559164,2009.860545065019,25325.22624682377
2021-01-27,0.4919423240033927,0.5962680237489398,0.4351145038167939,1179,2.0350546551074253,7.3008386732001505,94358.89686204297,2127.974133056917,24819.289436487
2021-01-28,0.5114309906858594,0.5867908552074513,0.4521591871295512,1181,2.150277928083034,7.181120566678144,78152.36101136307,2070.0502238181907,23735.51645432633
2021-01-29,0.5250192455735181,0.6243264049268669,0.4526558891454965,1299,2.3858610394210817,8.421942209402358,97939.21092049996,2105.4740650776785,24387.657507211174
2021-01-30,0.4638009049773756,0.6493212669683258,0.335972850678733,884,2.564788732394366,10.65612676056338,71054.59887323943,2356.785,28767.169647887324
2021-01-31,0.4775193798449612,0.6542635658914728,0.3937984496124031,645,2.304335761359695,7.159209157127992,74757.53444328824,2219.8566770724938,28935.15407561568
2021-02-01,0.4952545297670405,0.637618636755824,0.4201898188093184,1159,2.686349240431585,12.78839443877825,93892.55950399916,2296.708787374524,25065.47538783617
2021-02-02,0.5228102189781022,0.6359489051094891,0.4343065693430657,1096,2.0972823535548484,8.121433415053987,84956.11527828491,2014.961139220698,23090.819884200093
2021-02-03,0.5008818342151675,0.6199294532627866,0.4338624338624338,1134,2.2957928802589,7.831067961165049,72555.6831175836,2052.510140237325,24163.672330097088
2021-02-04,0.4986225895316804,0.6253443526170799,0.411386593204775,1089,1.6518715001473625,5.627880931329207,87876.22947244327,2102.358738579428,22523.46878868258
2021-02-05,0.494902687673772,0.6163113994439295,0.4300278035217794,1079,2.667811579980373,10.502453385672228,98710.14941118743,2186.462156526006,24299.64658979392
2021-02-06,0.4930313588850174,0.6289198606271778,0.4425087108013937,574,2.8651675485008816,9.776190476190475,101275.23474426808,2323.0464726631394,26761.39647266314
2021-02-07,0.4475374732334047,0.6488222698072805,0.3747323340471092,467,2.3595566369289,9.171307560601964,87551.76597278543,2191.99477336217,27501.211138145445
2021-02-08,0.4778578784757981,0.6374871266735325,0.4552008238928939,971,2.410435470057316,9.021015877198762,95995.52493576652,2301.942815732262,24376.57480729956
2021-02-09,0.5036803364879074,0.6098843322818086,0.4237644584647739,951,1.960629439137889,6.904910604947343,97324.78122703894,2027.366825863336,21593.153747244676
2021-02-10,0.4584647739221871,0.658254468980021,0.3943217665615142,951,2.358632193494578,9.42017157154772,77128.47396640058,2324.324437030859,22571.449243417133
2021-02-11,0.466046511627907,0.6669767441860465,0.4037209302325581,1075,3.11783313562673,11.5254476642377,98593.0059311981,2056.465288369203,24919.12873524261
2021-02-12,0.5023201856148491,0.6473317865429234,0.4176334106728538,862,1.8820652173913044,5.927513586956522,83015.69354619565,2245.5991847826085,21796.912296195653
2021-02-13,0.4537037037037037,0.6643518518518519,0.4884259259259259,432,2.0057427979664846,6.38570890604406,83196.58783656562,2113.14648842026,28871.90510261721
2021-02-14,0.4471744471744471,0.5872235872235873,0.4373464373464373,407,4.308555942702284,12.661343399148278,81169.0639759969,2188.616240805265,25168.201122725517
2021-02-15,0.431129476584022,0.5909090909090909,0.4228650137741047,726,2.586140661938534,9.374482860520096,83852.58636229315,2172.9233156028367,23386.151004728134
2021-02-16,0.4720168954593453,0.6293558606124604,0.3917634635691658,947,2.9815147283728973,10.49158853647184,104255.9817807035,2050.0049870337125,23900.364585411266
2021-02-17,0.4578997161778618,0.6556291390728477,0.3954588457899716,1057,2.893793623844558,12.362573099415204,99219.36232157456,2063.141356976671,22591.36672325976
2021-02-18,0.4665203073545554,0.6717892425905598,0.4182217343578485,911,2.377829288246523,7.995841287155713,93155.69314153258,2189.2338423779656,21678.584537769293
2021-02-19,0.5214285714285715,0.6459183673469387,0.4040816326530612,980,2.0821330710321084,7.753952083186959,87365.42921379893,2154.7364575282795,21224.13075247664
2021-02-20,0.4427966101694915,0.6334745762711864,0.4025423728813559,472,2.2993519185269005,8.427425162020368,80901.11295134245,2229.728834482049,25695.070363131366
2021-02-21,0.4877450980392157,0.6617647058823529,0.4632352941176471,408,3.421033478893741,13.50127365356623,93693.92758369724,2189.266557496361,27825.659752547308
2021-02-22,0.5041095890410959,0.6328767123287671,0.4397260273972603,730,2.7370603183094824,10.623980205964958,93129.90410592484,2232.2446836966697,25061.739668316168
2021-02-23,0.4863773965691221,0.6115035317860746,0.3884964682139253,991,2.7629964481756537,9.378753632547626,82952.06968033582,2111.462382951243,23411.4896997094
2021-02-24,0.5121739130434783,0.6121739130434782,0.4860869565217391,1150,2.7523009450861697,9.724998455741552,95979.23052690098,1935.5976897893631,23075.15325220829
2021-02-25,0.508893280632411,0.6462450592885376,0.4575098814229249,1012,1.9512411910354897,6.234651768141705,81959.84908894674,2085.060821535141,23535.990095866928
2021-02-26,0.5418583256669733,0.6237350505979761,0.4765409383624655,1087,4.681821207481861,16.09352326432803,120043.125940225,2095.1267390002,23390.17679558011
2021-02-27,0.489247311827957,0.5510752688172043,0.4422043010752688,744,3.3123266296809986,12.468013176144243,86242.701629681,2217.6502253814147,28147.72893550624
2021-02-28,0.5422794117647058,0.5477941176470589,0.4834558823529412,544,2.353269463305739,10.108920100455771,109410.6778904288,2216.6095246953773,26138.18956376151
2021-03-01,0.466784765279008,0.6182462356067316,0.3826395039858282,1129,2.124368768613233,8.720574906124563,104912.94775346368,1926.411951314256,22559.147805257024
2021-03-02,0.5503931379556827,0.6104360257326662,0.4245889921372409,1399,1.948320809691765,7.764555538516587,70404.02612073813,2071.7664979808824,26562.411593313907
2021-03-03,0.4948630136986301,0.6241438356164384,0.4469178082191781,1168,2.614872685185185,10.39537037037037,84547.77899305556,2163.1424189814816,25419.727430555555
2021-03-04,0.5015544041450777,0.6715025906735751,0.4393782383419689,965,4.181887657623233,12.794866895936824,94526.8270920902,2075.9161253343523,25325.325245191696
2021-03-05,0.549748743718593,0.6391959798994975,0.4633165829145728,995,2.310039613765784,9.02451101757861,79429.78391928696,2096.174052983412,23596.851819757365
2021-03-06,0.5131086142322098,0.6591760299625468,0.4794007490636704,534,2.6471767725376965,10.056544754571703,90628.21077959576,2392.9013474494704,28353.988370227784
2021-03-07,0.4357142857142857,0.6452380952380953,0.419047619047619,420,2.178216885695377,8.48690554977782,87936.9190696795,2090.5731303772336,27262.575210362105
2021-03-08,0.5375347544022243,0.6978683966635774,0.4050046339202965,1079,2.4192339716902582,9.692200943658063,82465.48265334443,2041.087496530669,22277.34894532334
2021-03-09,0.4948665297741273,0.6427104722792608,0.4425051334702258,974,2.249494073431628,10.17331598727956,79755.10320901994,2119.339621277826,21379.105666377567
2021-03-10,0.5200746965452848,0.6162464985994398,0.4659197012138188,1071,6.976048276720169,17.083737713077017,89797.7279457509,2142.675251959686,24527.520965534404
2021-03-11,0.4861788617886179,0.6821138211382114,0.4219512195121951,1230,2.721452005503228,11.754894697851624,121878.55101068896,2227.856704413165,24297.12075351889
2021-03-12,0.5290858725761773,0.6555863342566943,0.4533702677746999,1083,2.6678945327646373,9.65471112834432,96222.21041747447,2296.502972728448,24834.5034897247
2021-03-13,0.4382470119521912,0.6693227091633466,0.4442231075697211,502,4.817857496779308,20.65384996531563,97103.081656922,2330.4158160737293,26631.286096521653
2021-03-14,0.4898373983739837,0.5772357723577236,0.4227642276422764,492,2.696076438300468,9.747001423053469,104596.06556210612,2268.749949176662,26339.32323643017
2021-03-15,0.4981481481481482,0.6481481481481481,0.412962962962963,1080,2.9503844867937143,12.1461049816115,105914.69134068872,2025.2309595453023,22186.44226011368
2021-03-16,0.5021422450728363,0.6461011139674379,0.3993144815766923,1167,2.1802999541554784,7.753225489553999,104610.24428580784,2103.6174602135043,22693.7807322025
2021-03-17,0.4807892004153686,0.6656282450674974,0.4299065420560747,963,2.8140261396238446,10.090086069493148,104938.1679948996,2183.5215811284666,22049.79955371374
2021-03-18,0.4767772511848341,0.6511848341232227,0.4407582938388625,1055,2.525246548323472,8.745036160420776,90877.4157790927,2018.533530571992,22930.92629848784
2021-03-19,0.5147392290249433,0.6700680272108843,0.4229024943310657,882,2.1045972163644038,8.760860396457192,81698.38542106003,1970.274356811472,23260.14339940953
2021-03-20,0.4863731656184486,0.649895178197065,0.4549266247379455,477,2.7716216216216214,10.30691573926868,83996.45818759936,1941.1446740858505,26497.77257551669
2021-03-21,0.4729458917835671,0.6533066132264529,0.3947895791583166,499,3.5649587411245443,16.050278257532142,112574.64066398004,2031.098541546728,25091.077720207253
2021-03-22,0.4617886178861788,0.6658536585365854,0.4674796747967479,1230,2.0506369025097744,7.809181485685459,84326.67719762896,1966.1251103543952,22928.10039096986
2021-03-23,0.4557761732851985,0.5992779783393501,0.4151624548736462,1108,2.311129632004103,8.38056161046288,120190.99179381972,1969.50224387742,21692.01865623798
2021-03-24,0.4873096446700508,0.6710659898477157,0.5045685279187817,985,2.3204149540027403,8.395967899784694,105860.63176094474,1980.7497879558948,22670.473934886148
2021-03-25,0.4483430799220272,0.6588693957115009,0.4502923976608187,1026,3.1438615467820443,12.818956192536506,95543.98059762034,2099.543875067604,22874.771836127635
2021-03-26,0.4896788990825688,0.6685779816513762,0.4678899082568807,872,6.759826549167716,22.309833543152887,87182.80325919708,2038.3479507623445,21723.94530703595
2021-03-27,0.513978494623656,0.6817204301075269,0.4279569892473118,465,2.022667059169856,8.044941615150623,83387.83524678637,2296.473849475027,25128.42046904131
2021-03-28,0.4434180138568129,0.628175519630485,0.4457274826789838,433,3.4362889019377567,12.738990017615972,100860.64523390096,2244.446173419456,26139.714816989625
2021-03-29,0.4729272419627749,0.6852791878172588,0.4500846023688663,1182,2.581649101053937,10.483880967141973,103189.45939243646,2011.2727216367016,24937.531742095474
2021-03-30,0.4599434495758718,0.6569274269557022,0.4363807728557964,1061,2.8121425166825547,9.440121544327932,110429.24636558628,2141.268767874166,24912.07233079123
2021-03-31,0.5008620689655172,0.6689655172413793,0.5137931034482759,1160,2.074595355383533,7.153988868274583,99569.4404708592,2047.5224233894185,23009.78145991939
2021-04-01,0.4791288566243194,0.6669691470054446,0.4827586206896552,1102,2.251370870670055,8.80326334091213,100672.2681556774,2085.427711649057,21784.564196870404
2021-04-02,0.4796334012219959,0.6782077393075356,0.4389002036659877,982,3.533631952220978,17.2314296379246,100132.7611795446,1838.282642777156,22229.49533407988
2021-04-03,0.4212523719165085,0.6015180265654649,0.366223908918406,527,2.7101406799531067,9.928487690504102,112084.97069167644,1935.683274716686,23059.17311449785
2021-04-04,0.4495192307692308,0.6081730769230769,0.4423076923076923,416,2.274419104991394,9.387155765920824,110769.93115318417,1976.494191049914,24342.54528829604
2021-04-05,0.4736318407960199,0.6427860696517413,0.3930348258706467,1005,3.231897741302927,11.64216718715956,87035.49967317889,1959.8648413101896,23603.101459801
2021-04-06,0.4276950043821209,0.6643295354951797,0.4014022787028922,1141,2.441154881331049,9.373073158796185,105511.96201370198,1873.4651945192072,22192.142096892585
2021-04-07,0.470954356846473,0.6836099585062241,0.4491701244813278,964,2.3966734753428653,9.423577473008462,112921.25059819085,2031.848088707324,22231.78126641377
2021-04-08,0.4837310195227766,0.7082429501084598,0.4392624728850325,922,3.1430122116689283,10.37618724559023,109642.13466757124,1829.925237449118,22773.88073270013
2021-04-09,0.4994764397905759,0.680628272251309,0.4261780104712042,955,2.7922096623227013,10.5327957376341,117796.29980560156,1981.4925480596155,23557.09014327885
2021-04-10,0.4656862745098039,0.6274509803921569,0.3856209150326797,612,4.170294723640598,18.7159365761892,117815.53731075877,2137.4984323210606,26608.174684224672
2021-04-11,0.4696969696969697,0.6193181818181818,0.3844696969696969,528,3.30574184657786,11.622783647220944,121466.63941203491,2113.5404685346807,24548.500780891136
2021-04-12,0.4550438596491228,0.6611842105263158,0.3914473684210526,912,3.4080687830687832,11.913624338624338,112002.00727513227,1861.2352513227515,22706.870767195767
2021-04-13,0.5043771043771044,0.5131313131313131,0.3932659932659932,1485,3.237721021611002,9.816217181639578,121302.11918795024,1846.5917723402988,22544.923319640413
2021-04-14,0.5265536723163842,0.6587570621468927,0.4056497175141243,885,2.4518725697523704,7.8871682925165425,115501.86390613276,1973.0832253223275,20087.423425881712
2021-04-15,0.4734299516908212,0.6502415458937199,0.4376811594202898,1035,2.7878862337981447,10.873579458197678,99640.2039437312,1935.6681614349773,23432.91897536704
2021-04-16,0.4875491480996068,0.6618610747051114,0.4980340760157274,763,2.837918015102481,9.56566882416397,109195.84486245956,1847.485234627832,22262.627562028047
2021-04-17,0.4487179487179487,0.6435897435897436,0.3769230769230769,390,3.820737605804111,15.137746876259571,116565.74093107616,1757.2512091898427,23516.8954050786
2021-04-18,0.4334763948497854,0.6072961373390557,0.4141630901287553,466,3.820050165871025,12.544542438708634,108292.66477870378,1744.8095315154949,25567.10542924185
2021-04-19,0.4406417112299465,0.6759358288770053,0.4288770053475936,935,3.163001443001443,13.414430014430014,118913.38914862915,1728.9109956709956,21582.471457431457
2021-04-20,0.5,0.6991758241758241,0.5054945054945055,728,3.173655256723716,12.36265281173594,113977.72493887533,1855.0903422982883,22411.74663814181
2021-04-21,0.4385150812064965,0.648491879350348,0.4443155452436195,862,3.2013081856861625,12.401028767384265,111454.35086048135,1599.615418809932,21033.2420778561
2021-04-22,0.4909090909090909,0.6909090909090909,0.4412121212121212,825,3.215564586994728,10.960731546572935,102600.03410588752,1780.1645979789105,21364.29981326889
2021-04-23,0.5736793327154773,0.6394810009267841,0.432808155699722,1079,2.753645047762695,9.19412323333892,113886.07848723535,1953.2080889335791,22543.345734875147
2021-04-24,0.5434380776340111,0.6451016635859519,0.432532347504621,541,5.076059934153061,20.17563663239938,92832.82738695155,1686.8126721763083,24236.807431297453
2021-04-25,0.5146067415730337,0.6831460674157304,0.4404494382022472,445,5.273204782638745,21.36160066348745,99374.84967862326,1715.40935793766,24100.05798603912
2021-04-26,0.5155875299760192,0.6906474820143885,0.4952038369304556,834,3.194265309385493,11.326173852795396,107360.8952193146,1638.4990673133295,23055.782763950327
2021-04-27,0.4847590953785644,0.6902654867256637,0.4631268436578171,1017,4.281048026250373,16.541513373769515,101727.2633489112,1744.487620562792,21711.57711047032
2021-04-28,0.4555940023068051,0.6805074971164936,0.4579008073817762,867,3.717285587975243,15.448110079575596,114392.70103890364,1836.4167219274975,20447.215793545536
2021-04-29,0.4874055415617128,0.690176322418136,0.4445843828715365,794,2.906613414777399,9.250088100552096,88501.14836132973,1571.964407376953,19297.996006108304
2021-04-30,0.4715568862275449,0.6856287425149701,0.4341317365269461,668,3.599880239520958,12.295988023952097,102749.16473053892,1676.025389221557,21118.67886227545
2021-05-01,0.3653846153846153,0.6802884615384616,0.4399038461538461,416,3.391718491694875,11.737227426592144,123569.68613713296,1650.8309060851768,23374.115563252773
2021-05-02,0.4568245125348189,0.7270194986072424,0.4568245125348189,359,3.171605368659578,11.580965661495554,86321.76050200453,1758.9219975597002,21118.129510196966
2021-05-03,0.4432194046306505,0.6361631753031973,0.4266813671444321,907,3.200517631834358,10.918472986088643,90298.3693303138,1855.321384665157,22327.755742478163
2021-05-04,0.5011037527593819,0.6545253863134658,0.4492273730684327,906,3.1318414011189493,10.895402578448069,92770.2791899781,1728.86177329117,21304.830272439794
2021-05-05,0.4831115660184237,0.6960081883316275,0.5127942681678608,977,3.344404290713016,12.21918201112832,116696.1695061091,1806.536511214364,21174.26656341421
2021-05-06,0.5016872890888638,0.6816647919010124,0.4904386951631046,889,3.2596998864111915,12.897471154420996,114966.1641657201,1820.726490105817,21564.053745441503
2021-05-07,0.4838308457711442,0.6094527363184079,0.4975124378109453,804,4.130531698682226,13.258965449419788,107792.00327804366,1852.4245066544288,21984.09244083131
2021-05-08,0.4441805225653206,0.6769596199524941,0.4489311163895487,421,3.598975456839208,12.184647144277086,120836.77230675129,1630.8065601345668,21867.131661442007
2021-05-09,0.5086206896551724,0.6063218390804598,0.4655172413793103,348,2.917554467799213,9.99491313945676,124527.88540167002,2000.2816009213936,21673.05816297149
2021-05-10,0.4379639448568398,0.6850477200424178,0.4496288441145281,943,4.071986540079317,12.934442975603892,99520.94339622642,1692.4895445258985,20568.35103953852
2021-05-11,0.4937413073713491,0.6912378303198887,0.4700973574408901,719,2.8700778960909026,10.183163010076466,100852.30886872008,1798.9014507253628,20060.8842278282
2021-05-12,0.5155875299760192,0.6330935251798561,0.4964028776978417,834,2.7702254641909816,9.983620689655172,116807.48196286472,1756.0077586206896,19755.93826259947
2021-05-13,0.5026375282592314,0.7121326299924642,0.4732479276563677,1327,2.3922608643240317,10.29425592188536,123109.49352058343,1674.7498041106624,21843.05370381532
2021-05-14,0.5106145251396648,0.6994413407821229,0.4491620111731844,895,5.294321379608919,24.5874882747673,124545.95432570892,1708.224330759795,21979.72768598023
2021-05-15,0.4309278350515464,0.6309278350515464,0.4020618556701031,485,3.039454412303185,10.58842914683266,98800.6840900769,1615.3103258879532,22417.525082387405
2021-05-16,0.4915254237288136,0.6745762711864407,0.447457627118644,295,5.395518269124628,22.860691025499506,101350.513080914,1748.8457887184015,21158.613202340213
2021-05-17,0.4855491329479768,0.6676300578034682,0.4638728323699422,692,2.8141534873551493,8.785511260112237,109787.00320676336,1754.9567815756868,20663.26659864441
2021-05-18,0.4897959183673469,0.6895043731778425,0.466472303206997,686,3.890426513377333,12.028812717337308,104115.73309204455,1737.3972038890072,20887.27961109928
2021-05-19,0.5152979066022544,0.6892109500805152,0.4476650563607085,621,3.2624339390429307,10.239556939115326,105504.70346774778,1689.3034098313185,20019.99080576269
2021-05-20,0.5025380710659898,0.7072758037225042,0.4703891708967851,591,2.65150328844347,9.80331976197933,112645.56161916693,1883.0959912308172,19268.07884434701
2021-05-21,0.4888888888888889,0.7444444444444445,0.5365079365079365,630,3.023399745654938,10.41687155574396,138983.4045782111,1854.866553624417,19375.69682068673
2021-05-22,0.4772727272727273,0.6883116883116883,0.4935064935064935,308,3.083208875613398,11.527416257734158,112390.5944100704,1606.7271175592064,21493.59067633881
2021-05-23,0.4797507788161994,0.6417445482866043,0.4828660436137071,321,6.520108801243443,20.58956673790557,102309.66932193511,1689.3306780648925,23789.55614921313
2021-05-24,0.4932432432432432,0.6959459459459459,0.4679054054054054,592,3.458167012613764,12.303129490659428,119652.8760178828,1682.043190164458,20850.89046782692
2021-05-25,0.5644504748982361,0.7245590230664858,0.5305291723202171,737,3.9210230255756393,11.330533263331583,111175.29078226956,1746.905872646816,19739.869496737418
2021-05-26,0.5237226277372263,0.7226277372262774,0.4726277372262774,548,4.98678506502587,18.062578660327222,108301.021395609,1890.5869109215491,22228.42986994826
2021-05-27,0.5049180327868853,0.6950819672131148,0.4655737704918032,610,3.4215842269111034,10.981528882739536,111298.73960567276,1703.7544102386717,22227.84980975441
2021-05-28,0.4647058823529412,0.6372549019607843,0.5313725490196078,510,2.797000170444861,9.430543719106868,100773.3674791205,1868.84327595023,21776.931822055565
2021-05-29,0.4561933534743202,0.6314199395770392,0.4169184290030212,331,3.032255031032537,12.319635132593568,94461.34615384616,1909.3789731051345,22960.57034041753
2021-05-30,0.4177215189873418,0.7341772151898734,0.3892405063291139,316,3.47922558190124,11.763867739830324,114715.98553404394,1960.9716119208176,22672.048618664347
2021-05-31,0.3661417322834646,0.6535433070866141,0.3779527559055118,254,2.520503064891144,8.653455928979074,122135.16983724372,1784.226273515113,19799.48668357641
2021-06-01,0.5102459016393442,0.6475409836065574,0.5512295081967213,488,2.041855014230705,7.447513812154696,113613.49991628998,1706.1372844466766,19704.513477314584
2021-06-02,0.4648956356736243,0.7001897533206831,0.50853889943074,527,3.2548038957620427,11.394051066070018,111897.63306133192,1769.8924278318857,21931.94840747565
2021-06-03,0.4694244604316547,0.7068345323741008,0.487410071942446,556,2.448328267477204,9.209473150962513,95358.13129010468,1799.4152313407633,20743.72779466397
2021-06-04,0.5052083333333334,0.6909722222222222,0.5486111111111112,576,2.853684210526316,9.591174089068826,109913.5085020243,1674.9227530364371,21127.95821862348
2021-06-05,0.4580838323353293,0.6766467065868264,0.4700598802395209,334,2.8944246737841044,7.685290628706999,105320.65326215896,1998.8800711743768,20908.703677342823
2021-06-06,0.4693877551020408,0.6285714285714286,0.4326530612244898,245,3.4911087866108788,11.12696129707113,87925.5920502092,1891.0116370292887,21422.25117677824
2021-06-07,0.4880478087649402,0.7211155378486056,0.4561752988047808,502,2.628566169703663,8.515737161789067,106560.34649364992,1816.5295416896745,19689.234124792933
2021-06-08,0.4579124579124579,0.7121212121212122,0.4595959595959596,594,2.718772116065109,10.141188959660298,96323.71213729652,1969.3557147912245,22303.37110757254
2021-06-09,0.4295392953929539,0.6802168021680217,0.4403794037940379,738,3.2173075312054955,8.299488983831784,88225.19728575018,1868.6172405126915,23144.17935829773
2021-06-10,0.481371087928465,0.65424739195231,0.4769001490312965,671,3.207966568862808,10.64274917755846,97108.04614563884,1764.7949675469015,22382.1807593136
2021-06-11,0.4466338259441708,0.6091954022988506,0.4876847290640394,609,2.548779347114395,8.732391731362828,106113.29585632776,1926.0059863436536,19675.559910204844
2021-06-12,0.4677419354838709,0.6516129032258065,0.4258064516129032,310,2.376910649931652,7.525413197464894,110424.70113085622,1791.924568162048,21464.300360382756
2021-06-13,0.4066265060240964,0.7349397590361446,0.4186746987951807,332,4.040106204583566,15.961151481274454,110081.3826159866,2073.732671883734,23406.243152599214
2021-06-14,0.5256024096385542,0.697289156626506,0.466867469879518,664,2.4599160335865653,8.303678528588565,129493.59466213516,1842.6054578168728,20877.088664534185
2021-06-15,0.4972677595628415,0.6757741347905283,0.4098360655737705,549,2.288856050069541,7.5417246175243395,121403.5753650904,1908.0505910987483,20122.388647426986
2021-06-16,0.4076190476190476,0.6723809523809524,0.4609523809523809,525,1.984239558707644,7.643638910778391,87054.00954382279,1913.3632781717888,21133.195079239995
2021-06-17,0.5117370892018779,0.6924882629107981,0.4460093896713615,426,2.4956550076037365,7.910384531827069,106811.34607864436,1861.0805996089507,20092.53443406474
2021-06-18,0.5354477611940298,0.7238805970149254,0.4402985074626865,536,2.3156392694063928,7.922184170471842,121280.47878614916,1773.8011796042615,21399.62309741248
2021-06-19,0.4685314685314685,0.6783216783216783,0.3881118881118881,286,2.648373728494286,8.621625015697601,92010.0290091674,1800.2642220268742,22273.062790405627
2021-06-20,0.4397163120567376,0.7340425531914894,0.375886524822695,282,2.2011086760345493,7.178806239525589,95499.3372437798,1760.5922392677585,22215.253319582316
2021-06-21,0.4990512333965844,0.7438330170777988,0.4800759013282732,527,2.578654130756507,9.62374858535736,100053.63837381388,1851.9144250021764,21302.7118481762
2021-06-22,0.4221453287197231,0.7560553633217993,0.5121107266435986,578,2.304179709077518,7.883723071257595,108838.71570613146,1946.8167924875715,22036.21533787516
2021-06-23,0.4485165794066317,0.7155322862129145,0.43804537521815,573,1.974533403104832,6.607186464329321,98908.24376417234,1900.442438513867,22194.143729286585
2021-06-24,0.4583333333333333,0.7621527777777778,0.4270833333333333,576,3.029409264768381,13.19507012324692,101628.5560560986,1796.987165320867,20105.126221844454
2021-06-25,0.4787985865724382,0.7420494699646644,0.3674911660777385,566,2.482830188679245,10.439150943396228,103700.20150943396,1852.1165094339624,20447.76726415094
2021-06-26,0.4649122807017544,0.7076023391812866,0.4269005847953216,342,1.8354674796747967,8.613617886178861,84155.10508130082,1730.9069105691058,23631.684654471544
2021-06-27,0.4940239043824701,0.6972111553784861,0.4143426294820717,251,3.4530264080392614,15.7920074783828,74640.90909090909,2214.90710446366,24109.118368777752
2021-06-28,0.505307855626327,0.6985138004246284,0.4777070063694267,471,2.828701712122516,8.911468639765982,105308.22231781812,1608.911296567151,21761.535662049384
2021-06-29,0.5319148936170213,0.7361702127659574,0.4617021276595744,470,2.3485826771653544,8.547086614173228,71045.62637795275,1660.8258267716535,19385.60275590551
2021-06-30,0.5216494845360825,0.688659793814433,0.4350515463917526,485,2.125119804827045,6.895878713949639,92007.88437745057,1775.270192559031,21347.40777206587
2021-07-01,0.4666666666666667,0.7204301075268817,0.4580645161290322,465,2.063553703352908,6.316631937867021,93716.69909073687,1626.9209130517145,19662.527088463725
2021-07-02,0.4966139954853273,0.7133182844243793,0.5214446952595937,443,2.4465703236311827,7.463464278444942,119763.43914105436,1696.2589049460614,19199.676877671485
2021-07-03,0.44,0.68,0.3633333333333333,300,2.4471609886439545,8.345758183032732,92170.29098196392,1678.632598530394,19789.11022044088
2021-07-04,0.401673640167364,0.6820083682008368,0.3849372384937238,239,2.394436610690937,7.47840020510191,70770.02499679528,2059.08870657608,22995.515062171515
2021-07-05,0.4608150470219436,0.7272727272727273,0.3605015673981191,319,2.564156945917285,7.883543815675311,87480.8182782223,1722.207654487612,24439.72862238504
2021-07-06,0.4793233082706767,0.7105263157894737,0.4323308270676692,532,2.2446485623003194,6.710942492012779,86353.75119808306,1769.292731629393,21841.10734824281
2021-07-07,0.4044943820224719,0.6982343499197432,0.3836276083467094,623,3.160466019417476,10.201398058252428,73002.30695145631,1738.9057087378642,24102.95852427185
2021-07-08,0.4066496163682864,0.6751918158567775,0.4168797953964194,782,3.0322137955940773,8.025063199711086,77393.39169375226,1883.950451426508,24819.766558324303
2021-07-09,0.4533333333333333,0.695,0.4183333333333333,600,2.340772256562575,6.929918921088545,93063.15846512,1834.137994701774,23840.375130448745
2021-07-10,0.4034090909090909,0.6846590909090909,0.3636363636363636,352,1.1315591117295762,3.2434626311822345,20449.76364005334,723.1399663709631,14006.561401982954
2021-07-11,0.4889502762430939,0.6767955801104972,0.4143646408839779,362,0.993334166562513,2.324188643086281,16161.739240928217,582.4783568720577,11161.854580677416
2021-07-12,0.4669163545568039,0.704119850187266,0.3695380774032459,801,2.583276891817006,6.789298688504402,70168.29659503725,1575.35878332615,19656.88498245182
2021-07-13,0.4956521739130435,0.6770186335403726,0.4149068322981366,805,3.508655745323574,7.417625188799814,86720.58586034623,1601.9980248634831,22018.506157778556
2021-07-14,0.469790382244143,0.7090012330456227,0.4130702836004932,811,3.0463526780166523,9.106872126258232,76748.26556480676,1656.622468000497,23767.498819435816
2021-07-15,0.4451145958986731,0.7104945717732207,0.413751507840772,829,2.21514565529287,6.873245586675815,72269.45861144034,1657.6171792152704,22907.084648493543
2021-07-16,0.4661308840413318,0.6865671641791045,0.383467278989667,871,2.897928810616396,9.918826739427011,63940.19856132953,1879.4071065360288,24553.89650254248
2021-07-17,0.4003189792663477,0.7145135566188198,0.3636363636363636,627,1.7786113763470195,6.348315373073251,48985.32867275951,1709.8852816805347,24756.357181830583
2021-07-18,0.4571428571428571,0.6895238095238095,0.3561904761904761,525,2.361219642993948,8.191909905768789,62574.898490768406,1913.15398758906,25400.398758906
2021-07-19,0.4790748898678414,0.723568281938326,0.3843612334801762,908,2.8065765108579765,11.519499466921047,86541.59373772515,1936.6625329667247,24964.977779024743
2021-07-20,0.5102669404517454,0.7381930184804928,0.419917864476386,974,2.7107653088321206,9.0951192309735,85236.05778320675,1826.562005417176,24776.964363481864
2021-07-21,0.4869109947643979,0.7235602094240837,0.425130890052356,955,1.843115060275058,5.305959590242798,60643.76229554587,1919.759239345747,23055.30058294188
2021-07-22,0.4621848739495798,0.6827731092436975,0.3739495798319328,952,2.069915506366774,7.073961680352255,78490.91270974652,1909.7414613828396,24563.3963465429
2021-07-23,0.4640258690379951,0.7025060630557801,0.3621665319320937,1237,1.756622438932908,5.424773782174504,53856.76206104365,1529.3829996718084,21654.63758263397
2021-07-24,0.4319371727748691,0.7185863874345549,0.3520942408376963,764,1.9858384073339264,6.686255729629883,52844.338099473214,1899.6820825066704,25836.30409796812
2021-07-25,0.4223512336719884,0.6806966618287373,0.3642960812772133,689,4.392988646824179,20.900199447683335,55247.49555078245,1848.3563209573488,25721.227753912244
2021-07-26,0.5172413793103449,0.7365163572060124,0.4615384615384615,1131,2.1012157695939564,6.902856468366384,50923.43218838527,1857.298807837583,25030.92752596789
2021-07-27,0.4830438378825475,0.6550868486352357,0.4185277088502895,1209,2.8041097503532737,8.418570419218087,66010.61116344795,1854.203250117758,23937.911092793216
2021-07-28,0.4636979670861568,0.7037754114230397,0.4181994191674734,1033,2.517216072411473,8.671029294844352,67748.31692251239,1798.7818482050027,25989.01730780992
2021-07-29,0.475166790214974,0.7294292068198666,0.413639733135656,1349,3.3481844508799288,15.53536422365783,84631.19475384273,1881.0777456003564,27891.540265092448
2021-07-30,0.4896710022953328,0.7199693955623565,0.3603672532517215,1307,2.657281175226754,8.526069779088532,59895.65244004229,1971.389405152746,29025.906961215293
2021-07-31,0.4498229043683589,0.6788665879574971,0.3813459268004722,847,3.787911662146455,11.715381635025183,76985.04486633088,2069.153118946145,28870.90995738086
2021-08-01,0.4111111111111111,0.7194444444444444,0.3833333333333333,720,3.167344614383339,9.65253823625122,72314.56093394077,1943.612186788155,29952.31475756589
2021-08-02,0.489469250210615,0.7152485256950295,0.4338668913226621,1187,2.8793542378143435,11.989257994411672,61962.55001552313,1979.711331884508,27914.94802856256
2021-08-03,0.4870881567230632,0.692787177203918,0.4105075690115761,1123,2.381634120043129,8.309332694381215,84850.8430573859,2055.1776087216963,26960.34539355457
2021-08-04,0.5360908353609084,0.6942416869424168,0.4111922141119221,1233,2.228536813701195,6.583347100611267,65985.83264496944,1960.2611377278488,28436.264882427447
2021-08-05,0.48047229791099,0.7120799273387829,0.4132606721162579,1101,2.350587351821059,7.745588156412595,77611.59335943786,1864.3925333905488,27402.89352572011
2021-08-06,0.4543125533731853,0.7164816396242528,0.408198121263877,1171,2.2462374108860472,6.672796197804685,67943.23424238995,1942.4158651125947,29122.36958243748
2021-08-07,0.3831775700934579,0.6889185580774366,0.417890520694259,749,3.5641715013442763,11.726828923164,50770.02002264044,2104.1401584830905,27398.460308476017
2021-08-08,0.4541778975741239,0.6778975741239892,0.4204851752021563,742,2.9311591355599216,10.39992141453831,74638.17768172888,2046.4560314341848,28689.45532416503
2021-08-09,0.4520255863539446,0.6375266524520256,0.4115138592750533,1407,2.0791947857184057,8.057622426025263,78900.30489704102,2071.085712637712,28282.266482090326
2021-08-10,0.4393801276207839,0.6745670009115771,0.4238833181403829,1097,2.566980845241715,7.754819093949528,59201.29747643661,1984.13006993007,25871.35998783825
2021-08-11,0.4728560188827694,0.6671911880409127,0.3886703383162864,1271,2.810566037735849,10.537628032345014,69772.62916442049,1860.432668463612,28114.140592991916
2021-08-12,0.4915384615384615,0.7176923076923077,0.4953846153846153,1300,2.522661122661123,8.656133056133056,81101.72272052272,1997.9513513513516,28545.27163647164
2021-08-13,0.4575221238938053,0.7495575221238938,0.4106194690265486,1130,3.06224552745219,9.803639728562615,85634.9050586058,2084.5756323257247,28837.66360271437
2021-08-14,0.5007518796992482,0.6691729323308271,0.3774436090225564,665,1.907024629761622,6.583749109052032,53271.55824819831,1878.590243129801,26311.4157757187
2021-08-15,0.4336099585062241,0.7240663900414938,0.3651452282157676,482,2.499494552398068,7.723800965966528,69556.4069414804,2265.809277771538,27780.600134786026
2021-08-16,0.5158924205378973,0.69559902200489,0.4474327628361858,818,2.62801741195093,9.006252473288484,80500.12117134943,1982.9644637910567,23252.006094182827
2021-08-17,0.5217391304347826,0.6903283052351376,0.4303460514640639,1127,4.662794853466762,14.84721229449607,90790.04372170598,2102.935191803669,28167.31462949726
2021-08-18,0.4418250950570342,0.6988593155893537,0.4038022813688213,1315,1.883676931106472,6.780662839248434,75592.5094598121,2118.7047886221294,26259.408990083502
2021-08-19,0.4659459459459459,0.72,0.4227027027027027,925,3.235225156885732,9.775877525687884,73326.14240397215,2110.39397282946,26036.94600372388
2021-08-20,0.4892086330935252,0.7142857142857143,0.4501541623843782,973,2.41343133979285,8.881189442031406,60850.5172068159,1957.12890076846,27752.62412295356
2021-08-21,0.4771048744460857,0.6838995568685377,0.4239290989660266,677,3.925698827772768,16.109648331830478,54333.10234445446,2323.5495942290354,31290.560504959423
2021-08-22,0.4954819277108434,0.7153614457831325,0.4262048192771084,664,2.1508091765961237,7.046772185666015,64936.33745331674,2123.576649475369,29271.955361906457
2021-08-23,0.5706371191135734,0.5216989843028624,0.6320406278855032,2166,2.7321383489017923,10.567836404948244,55762.329159303205,1913.600706892199,26312.942539762687
2021-08-24,0.482258064516129,0.6491935483870968,0.4830645161290323,1240,2.7150662563587264,11.48458205112102,86096.60472272812,1813.1467060227344,27644.1578848207
2021-08-25,0.441938178780284,0.620718462823726,0.4335839598997493,1197,2.4634529570737227,9.425931745333417,81726.77858085601,1984.6305071962795,27618.374520771795
2021-08-26,0.4651162790697674,0.6732558139534883,0.4383720930232558,860,1.91212188120998,6.355854861264444,69595.18797379849,1991.286597482888,27208.92890262751
2021-08-27,0.4892897406989853,0.6888387824126269,0.3945885005636979,887,2.5889596015495298,7.953375760929718,89542.79973713338,2168.05596292197,28210.55783065855
2021-08-28,0.4527439024390244,0.7179878048780488,0.3033536585365853,656,2.60995457986374,10.25728614685844,77533.36667297503,2174.7939061317184,32494.41937925814
2021-08-29,0.4469696969696969,0.6931818181818182,0.3712121212121212,528,4.0489617263843645,16.127035830618894,81057.68169788274,2175.660932410424,31703.70287052117
2021-08-30,0.4734411085450346,0.6986143187066974,0.4214780600461894,866,2.97688028321653,11.694602991113358,74489.84589263781,2147.910338848349,28659.526768297088
2021-08-31,0.5411140583554377,0.7214854111405835,0.389920424403183,754,2.8171050481947395,9.00710668191472,75509.89266459728,2007.5654304852148,26841.298562326418
2021-09-01,0.5115384615384615,0.6692307692307692,0.3961538461538461,780,2.1147220613781124,7.282064273306312,84880.05790387955,2108.358931673422,26626.78474232773
2021-09-02,0.4853503184713376,0.7019108280254777,0.3898089171974522,785,2.964898313671564,10.373887240356083,61550.833538394734,1983.2862415864515,24694.48310052833
2021-09-03,0.4788519637462236,0.6858006042296072,0.3882175226586102,662,2.312275909168516,8.194980365374764,74703.37160662455,2002.7685675260373,27137.443998634117
2021-09-04,0.4230769230769231,0.6474358974358975,0.3675213675213675,468,3.684377164341545,13.078361531611757,60427.44236667656,1926.2502226179877,29474.412684278224
2021-09-05,0.4213333333333333,0.736,0.4053333333333333,375,2.1799500454132605,7.369891008174387,60229.09003178928,2009.4173478655769,27253.23512715713
2021-09-06,0.3877005347593583,0.6524064171122995,0.3609625668449198,374,2.438127443728205,7.890098277501849,85222.99302546761,2125.988270104618,25576.474268202477
2021-09-07,0.4695945945945945,0.6891891891891891,0.3952702702702703,592,2.1535172298147063,7.895950364718705,64882.9465079232,2151.8316424918253,26872.153601073194
2021-09-08,0.4941348973607038,0.7155425219941349,0.4090909090909091,682,3.045068797890748,9.178874515942985,62639.6443107852,2049.160418554832,28814.624948504574
2021-09-09,0.5104079933388843,0.6919233971690258,0.3721898417985012,1201,3.305140733604019,13.322758241001996,78084.75975500654,2099.214988644966,29145.566994700985
2021-09-10,0.4645669291338583,0.7007874015748031,0.3902012248468941,1143,3.352786581123908,13.78851356574167,71155.16796784417,1882.593105047538,30137.602535363687
2021-09-11,0.4508050089445438,0.6815742397137746,0.3792486583184257,559,2.3459298871063576,7.862032085561498,91283.22329174094,2070.940344622697,30664.89898989899
2021-09-12,0.3912213740458015,0.6812977099236641,0.366412213740458,524,2.7678994784257944,9.937885253674729,65805.14651493599,2278.858937885253,29023.340564248458
2021-09-13,0.458377239199157,0.6596417281348789,0.4099051633298208,949,2.733374960974087,12.915704027474243,80984.40844520762,1990.792928504527,28736.518264127382
2021-09-14,0.5010438413361169,0.6565762004175365,0.3496868475991649,958,3.009428816332892,11.883113847112911,73852.19792721889,2154.2106288475024,26851.790851710437
2021-09-15,0.4661016949152542,0.6598062953995157,0.3680387409200968,826,3.99237600536193,13.21070710455764,79120.78560656836,2062.858579088472,28263.62416219839
2021-09-16,0.454653937947494,0.6778042959427207,0.373508353221957,838,2.932766302146618,8.987039287160794,73004.78420413123,2059.4428513568246,27619.03175374645
2021-09-17,0.4524940617577197,0.6852731591448931,0.3788598574821852,842,3.826825127334465,20.30068805289965,78817.75596461442,2141.5646501653114,28362.24180144759
2021-09-18,0.3935091277890467,0.7038539553752535,0.3387423935091277,493,2.6844535659312467,8.146228835300153,59525.89366341714,2236.239353514623,27602.91598255516
2021-09-19,0.4575289575289575,0.6853281853281853,0.3822393822393822,518,3.746966854283928,14.642526579111944,81346.95372107567,2226.6281425891184,29932.10856785491
2021-09-20,0.4273412271259418,0.7255113024757804,0.4294940796555436,929,2.487582854617764,8.799116217410518,75874.48678745028,2069.007777286788,24682.108970393285
2021-09-21,0.4578313253012048,0.6963855421686747,0.4132530120481927,830,2.2252466203872854,7.643496529046401,73150.66587504567,2091.9315856777494,26267.817866276942
2021-09-22,0.5042016806722689,0.7478991596638656,0.3649459783913565,833,2.8486455613577024,13.55181135770235,76968.3895234987,1932.2238087467365,25452.87712140992
2021-09-23,0.4624829467939972,0.723055934515689,0.417462482946794,733,2.4364913613062464,7.0926523637744445,69470.10290487944,2061.329694323144,24417.10186064173
2021-09-24,0.4743975903614458,0.7033132530120482,0.4006024096385542,664,2.5273166023166023,8.823552123552124,84835.8387065637,2051.215637065637,25591.899324324324
2021-09-25,0.3886255924170616,0.6682464454976303,0.3483412322274881,422,2.140956280157918,7.44056148559731,84847.32724082468,2165.25690890481,27449.76429302529
2021-09-26,0.3963133640552995,0.6382488479262672,0.3663594470046083,434,2.623020706455542,9.628806333739345,78210.9809683313,2159.551461632156,28675.326735688184
2021-09-27,0.5077355836849508,0.6540084388185654,0.4430379746835443,711,1.9857788027289325,7.836552320553474,84463.09378303065,2075.500912847122,23107.39944268281
2021-09-28,0.4435096153846153,0.6262019230769231,0.4038461538461538,832,2.5814746543778804,9.330599078341011,97732.95852534562,2000.0787096774195,24352.13898617512
2021-09-29,0.4309859154929577,0.6422535211267606,0.3718309859154929,710,3.031019882179676,11.436947717231222,67281.5759388807,2062.5477724595,26163.06682621502
2021-09-30,0.4648729446935725,0.6935724962630793,0.3946188340807174,669,2.5268571428571427,8.239885714285714,80674.37211428571,2094.786857142857,24525.513142857144
2021-10-01,0.4369426751592357,0.6802547770700637,0.4191082802547771,785,3.261132343791663,12.368411696738068,75117.14532041596,2054.857701537641,26572.43880543952
2021-10-02,0.4223744292237443,0.6027397260273972,0.3561643835616438,438,2.2895057549085984,8.276506431956669,76687.26526743399,2266.229925524712,28810.45781990521
2021-10-03,0.4143518518518518,0.6736111111111112,0.3634259259259259,432,2.655978820414767,8.730695690542726,60701.82585674364,2025.426827474629,27629.921900279453
2021-10-04,0.4520295202952029,0.6992619926199262,0.3542435424354243,542,2.9769995376791494,10.416782246879334,94165.82327785484,1950.6089921405453,23174.7664123902
2021-10-05,0.4555555555555555,0.6555555555555556,0.3968253968253968,630,2.6910295395308426,8.369026933101651,86941.01520417028,2009.2792137271936,23980.53735881842
2021-10-06,0.4966101694915254,0.6576271186440678,0.3949152542372881,590,2.4366970576046416,8.077600497306257,79559.95399917115,2303.5416493990883,25580.31734355574
2021-10-07,0.4345479082321187,0.611336032388664,0.3940620782726046,741,2.753964141361799,9.157632915328014,95651.18146958234,2142.3747538605035,24524.51072650016
2021-10-08,0.4372693726937269,0.6586715867158671,0.3856088560885609,542,2.1982905982905985,7.133577533577534,66290.64871794872,1961.3234432234435,24170.940415140416
2021-10-09,0.4699140401146132,0.7163323782234957,0.3209169054441261,349,5.181508440452222,15.44060709307728,66152.16710546694,2033.0139383614685,27924.144649217906
2021-10-10,0.3896848137535816,0.6504297994269341,0.3982808022922636,349,2.98140625,15.1578125,66175.4571875,2109.07765625,27761.76015625
2021-10-11,0.4061433447098976,0.6160409556313993,0.3959044368600682,586,2.7655172413793103,8.466704352741662,56635.86410401357,2264.1780667043527,26395.86862634257
2021-10-12,0.4397350993377483,0.623841059602649,0.4158940397350993,755,2.9915369649805448,9.352140077821012,85787.31089494163,2095.352626459144,25214.761964980546
2021-10-13,0.4672619047619047,0.6264880952380952,0.4166666666666667,672,3.122629169391759,12.626226291693918,64246.606387617176,2071.7186614344887,24102.091890124266
2021-10-14,0.4398148148148148,0.6743827160493827,0.3919753086419753,648,2.325035329927166,9.106642026307208,98088.1087074682,2108.8470485922385,24215.46005000544
2021-10-15,0.4857142857142857,0.7180952380952381,0.4571428571428571,525,2.611331599835774,8.54577802107568,104785.64034487476,2014.804023539072,23400.389215820447
2021-10-16,0.3705882352941176,0.6470588235294118,0.3588235294117647,340,3.5828009828009826,9.681572481572482,66332.32006552006,2039.0252252252253,27021.714332514333
2021-10-17,0.4029850746268656,0.6656716417910448,0.3253731343283582,335,2.544849931787176,7.95856070941337,79162.42633015006,1988.547578444748,26518.82844474761
2021-10-18,0.4355263157894737,0.6776315789473685,0.3355263157894737,760,2.762441141168867,11.21244575754778,70927.0373926692,2304.547133228695,27329.179946450004
2021-10-19,0.4366754617414248,0.6715039577836411,0.3891820580474934,758,2.400674777630099,8.20703404559861,104268.35937020754,2041.241181883243,24857.40343523157
2021-10-20,0.45875,0.705,0.3475,800,2.11328125,6.55693359375,93651.24677734375,1947.21904296875,26464.954296875
2021-10-21,0.4646271510516252,0.6577437858508605,0.4474187380497132,523,2.907351460221551,10.557010182387826,81752.8239901533,1884.6112789526687,24821.791316996758
2021-10-22,0.4854700854700854,0.6923076923076923,0.5196581196581197,585,2.551832724524499,8.984254943947601,80817.05113994206,2061.566318176093,25304.27900239325
2021-10-23,0.4055727554179567,0.6965944272445821,0.3746130030959752,323,1.7953777777777775,6.049244444444445,66338.19484444444,2099.1223111111112,25663.75022222222
2021-10-24,0.4267912772585669,0.6791277258566978,0.3582554517133956,321,2.9499914368898783,11.553519438259976,57468.12228121253,2064.024147970543,26276.68727521836
2021-10-25,0.4593639575971731,0.6590106007067138,0.4487632508833922,566,2.7762254901960786,8.467156862745098,83787.09301470588,1828.5954656862743,21209.20600490196
2021-10-26,0.4934383202099737,0.6942257217847769,0.463254593175853,762,3.0225696485247444,12.973551193135066,84820.3267897026,2078.7351592805926,23294.11555189844
2021-10-27,0.4959514170040486,0.6619433198380567,0.4331983805668016,494,3.1206081512712407,15.817810144372045,78862.27481793791,1976.4433371662196,22064.520633703847
2021-10-28,0.4503464203233256,0.7090069284064665,0.4618937644341801,433,2.393610056304832,7.989131858059447,104451.8955087076,2066.965038627733,21180.60717559251
2021-10-29,0.4194857916102841,0.6535859269282814,0.3788903924221921,739,2.4949820788530466,9.695221027479093,71997.53954599761,2138.3274790919954,24066.14790919952
2021-10-30,0.4366925064599483,0.7157622739018088,0.3695090439276486,387,2.7096343296042744,10.596927700784772,104242.94272833529,2032.3137418600768,24647.377692436134
2021-10-31,0.4320652173913043,0.6494565217391305,0.3804347826086957,368,3.562457221081451,13.11054072553046,65800.87970568104,2316.2241615331964,24357.314339493496
